[
  { "id": 1, "nombre": "Alex Pena", "imagen": "https://parcialwas-luis.s3.us-east-2.amazonaws.com/img/1.jpeg", "experto": "Java", "ingles": "Beginner", "sueldo": 50 },
  { "id": 2, "nombre": "Felipe Garcia", "imagen": "https://parcialwas-luis.s3.us-east-2.amazonaws.com/img/2.jpeg", "experto": "JavaScript", "ingles": "Advanced", "sueldo": 60 },
  { "id": 3, "nombre": "Susanita", "imagen": "https://parcialwas-luis.s3.us-east-2.amazonaws.com/img/3.jpeg", "experto": "NodeJs", "ingles": "Middle", "sueldo": 80 },
  { "id": 4, "nombre": "Marlon", "imagen": "https://parcialwas-luis.s3.us-east-2.amazonaws.com/img/4.jpeg", "experto": "Android", "ingles": "Middle", "sueldo": 100 },
  { "id": 5, "nombre": "Lina Montero", "imagen": "https://parcialwas-luis.s3.us-east-2.amazonaws.com/img/5.jpeg", "experto": "SpringBoot", "ingles": "Middle", "sueldo": 50 },
  { "id": 6, "nombre": "Carlos Ruiz", "imagen": "https://parcialwas-luis.s3.us-east-2.amazonaws.com/img/6.jpeg", "experto": "React", "ingles": "Advanced", "sueldo": 90 },
  { "id": 7, "nombre": "Andrea Gómez", "imagen": "https://parcialwas-luis.s3.us-east-2.amazonaws.com/img/7.jpeg", "experto": "Python", "ingles": "Middle", "sueldo": 75 },
  { "id": 8, "nombre": "Pedro Méndez", "imagen": "https://parcialwas-luis.s3.us-east-2.amazonaws.com/img/8.jpeg", "experto": "Django", "ingles": "Advanced", "sueldo": 85 },
  { "id": 9, "nombre": "Camila Torres", "imagen": "https://parcialwas-luis.s3.us-east-2.amazonaws.com/img/9.jpeg", "experto": "Angular", "ingles": "Beginner", "sueldo": 65 },
  { "id": 10, "nombre": "José Martínez", "imagen": "https://parcialwas-luis.s3.us-east-2.amazonaws.com/img/10.jpeg", "experto": "C#", "ingles": "Middle", "sueldo": 70 },
  { "id": 11, "nombre": "Sofía Herrera", "imagen": "https://parcialwas-luis.s3.us-east-2.amazonaws.com/img/11.jpeg", "experto": "Ruby", "ingles": "Advanced", "sueldo": 95 }
]
